num_selected	header	mutual_information	remaining_entropy	seq
0	None	0.0	582.4139266613768	None
1	A0A0G8CLL3;L-gulonolactone oxidase;1.1.3.8;Bacillus cereus;TrEMBL;390	26.29803131285767	429.250529857524	-----------------------------------MDRGIFKEVPL--PCA----FLDEVALDRNIQSIIELSGNK-KIRIASKSLRSVPVMQKILAT----NDRFQGIMCFSPREALFLIE--QGFN----DLLLGYPAYDKRALHEI----SLLT-KQGLIITCMVDCEDHIVYLEKIA-EESKGCFRVCLDIDMSSHFF----QFHFGVKRSPVKDVQSTLKIVRRVKESSC-LILDGVMGYEAQIAGVGDHIPNQRVKSKVISYLKKKSVLEVKERRGHIVKEIQNLGI-----ELRFVNGGGT-GSIKTTEQDNSVSEITIGSAFYAPKLFDYYKEVQFHPAVGFALPVVRKPA----LFIYTCLGGGYIASGAI--------GKDKEPEIWRPNGAKLLALEGAGEVQTPIFYNGEERVEIGDSILFRHSKAGELCERFPFLYRVKEGEIVGEYSTYRGDGQCFL
2	M9TNS6;L-gulonolactone oxidase;1.1.3.8;Streptomyces sp. PAMC26508;TrEMBL;400	47.49973946499631	305.76882888936814	------------MTARAADRSR-------------YNRATAHLDA---PVA----VVDLEAFDANAADLVRRAGGK-PVRVASKSVRCRALLERVLAR-----PGFAGIMSFTLAESLWLAR--AGFD----DVLLAYPSADRSAYAEL----AADP-KLAAAVTVMVDDHAQLEFIDAAR-AGGTEEIRVCLELDTSLRML--GGRIRIGALRSPLRSPAQLAELARSVERRPG-FRLVGLMAYEGHVAGVGDSVAGRPFRSRAVRLMQAAARRELAVRRAEVVRAVRAVAP-----GLEFVNGGGT-GSVQHTAAEAAVTEIAAGSGLFVPRLFDNYTSFTGRPAALFAQPVVRRPG----VGVVTVLGGGYPASGAA--------GPDRLPVPYLPEGLRYDPQEGPGEVQTPLLGAPADDLLIGDKVWFRHAKAGELCERFDELRLIEGDRITATVPTYRGEGHAFL
3	A0A0S4K8U9;L-gulonolactone oxidase;1.1.3.8;Janthinobacterium sp. CG23_2;TrEMBL;425	60.21829088760115	231.69421413452886	MRRRTALAAIAGLAGAGALALRPRAHGAPHDAYFAHVAAALRAAGIATPTM----VLDRDRMLANAAQVMRNIGGRMHLRLVAKSLPCLPLLDDLITA-----MRTERLMVFNLAYLEQLAAQRPAL-----DLLLGKPLPVAAAAQFYDRFKNGGF-DPARQLQWLVDSPQRLAQYRDLA-RQRQLQLRVNVEIDV-------------GLHRGGVASAAALQQMLDIVKSEPR-LQWSGMMGYDAHITKLPN-LPGLRARALA---------DALGIYRDYAAQATRALHGGAAADGLTL-NAGGS-PTYRLHDGKGAANEVALGSALVKPGDFDTELLGDLAPAAFIATPILKAPAQFDMPNGVEWIGAAVRAWDVNQSHAWFIYGGNWLADPVSPAGIVPSGLYGTSSNQQVLLGSGAQQLHVDDVIFLRPRQSESVLQQFGDIVVMESGRITQRWPVLTPMP----
4	A0A0N9XAQ2;L-gulonolactone oxidase;1.1.3.8;Mycobacterium fortuitum;TrEMBL;418	69.7693887674142	176.0672899334382	-----------MSIDLSAPPERPGTWESPDEYWPLLTEATAELDP---PLA----VLDLDALAYNAHDLRRRAGTT-PVRVASKSVRSRAVLDAVLAL-----DGYAGVLAYTLAEALWLAEGDDLYPPVG-DVVVAYPTVDRAAIARL----ARSP-ELAARVTLMVDSVEQLDLVDRVAPARSREVLRVCLDLDASWRPP---GLGHLGVRRSPIHTAEQARVLAEAITARQG-FTLVGLMSYEAQIAGVGDAVPRSRLRSGAVRWVQRRSKQELLDRRRSAVAAVRRIS------DLEFVNGGGT-GSLEFTSSDPSVTEVAAGSGLFGSHLFDSYRAFSPAPAASFALPVVRKAA----PHIATLLGGGWIASGPP--------GKDRVPLPVWPQGLRLLPAEMAGEVQTPVAGTAATTLRVGDRVWFRHSKAGELSEHVDEFTVVHRGQAVDEVPTYRGEGKAFL
5	A0A0D6SSY4;L-gulonolactone oxidase;1.1.3.8;Pseudomonas sp. FeS53a;TrEMBL;419	75.6319822136901	141.92272923879023	MKRRQLLAGLGALGALGLWAARPADQGAPHAPYFAQLQGLLRQQGGGVPQL----VIDLDRLDANADLLSSRLGGM-KLRLVSKSLASTGLLDYLSKR-----LGTRRFMVFHQPQANQLAE---AFPDS--DLLLGKPLPVAAALAFYQQLAANAPFDPDRQVTWLVDSPERLVQYRDMA-IALQRPLSIALEIDI-------------GLRRGGHSSPERLATSLALVEHSPEVLDLRGLMGYDGHVAHAP-FWVGDAFDQANARY------RDFLEQATHA----RKAWP-----EAPLLNGAGSLTCIRHLTGPSPLNEIAVGSVLLKPSDFDAESLDAYQAACWIAAPVLKAGSG-ALPYLEDAQ-SLVSAWNPNREQAFYLYGGDWQAIPASPAGLAYDPLYGRSANQERLIGSAANGLQPDDWVFLRPQVSEGLLARFGSMSLLRRGRLVGRWKPLPTA-----
6	A0A0H5CS89;L-gulonolactone oxidase;1.1.3.8;Alloactinosynnema sp. L-07;TrEMBL;405	80.59359788448978	113.02558858463959	-------------MPTSAQRSR-------------LDAATEHLDP---PVA----VVDLAAFDRNAEDLVRRAAGR-PIRVASKSVRCRFLLERVLRM-----PGYEGVMSYALPEALWLVDEWADTDLADTDILVAYPTTDRAALRAL----AADE-RARRTVSIIVDSSEHLDFVDEAL-GADHPEIRVCLELDVSWRPL-GTASVHVGTRRSPVFTPEQAGRLAAEICARPG-FQLVGVMAYEGQIAGLGDNPAGNPLLRTALRWMQRRSARELVGRRGAVVRAVTDVW------ELEFVNGGGT-GSIEITRADPSVTEIAAGSGLIGPTLFDNYSQFSPLPAVVFAVPVVRKPA----PDIATLLGGGYLASGPA--------GQSRLPRPYLPGGLKLLGAEGAGEVQTPVTGPGARALKVGDRVWMRHAKAGELAERFTEYHVLDGDKVTHAVPTYRGEDRSFG
7	A0A0K2HX31;L-gulonolactone oxidase;1.1.3.8;Mycobacterium bovis BCG;TrEMBL;411	84.57180344119126	89.85596539119337	MAAREQRSDGPMRLDAQGRLQR-------------YEEAFADYDA---PFA----FVDLDAMWGNADQLLARAGDK-PIRVASKSLRCRPLQREILDA----SERFDGLLTFTLTETLWLAG--QGFS----NLLLAYPPTDRAALRALGELTAKDP-DGAPIV--MVDSVEHLDLIERTT----DKPVRLCLDFDAGYWRA--GGRIKIGSKRSPLHTPEQARALAVEIARRPA-LTLAALMCYEAHIAGLGDNVAGKRVHNAIIRRMQRMSFEELRERRARAVELVREVA------DIKIVNAGGT-GDLQLVAQEPLITEATAGSGFYAPTLFDSYSTFTLQPAAMFALPVCRRPG----AKTVTALGGGYLASGVG--------AKDRMPTPYLPVGLKLNALEGTGEVQTPLSGDAARRLKLGDKVYFRHTKAGELCERFDHLHLVRGAEVVDTVPTYRGEGRTFL
8	A0A0A1DTG4;L-gulonolactone oxidase;1.1.3.8;Nocardioides simplex;TrEMBL;412	87.94791953583733	70.1929950757185	-----------MQHHSFVARNRLAAR---------LTDA-VRAWPE--PLSTPTFVVDLDAFDANAADLARRAGGT-PIRVASKSLRVPALVTRALAA-----DGFAGVLAYTLAEALWLAD-HDVCD----DIVVAYPSVDRAALTAL----ISSP-RAASRITIMVDDVAHLDLVDSLR-ASTAVPVRVALDIDAGLRWG---GQLV-GPKRSPLFDVGAVAGLARTVIDRPG-FQLVGAMTYEGQVAGVPDAVPHQRAKSAVVRKLKQLSVTQLVTRRTAIAEALRGLEGRGDFTGLEFWNAGGS-GSIESSAADPVVTEVTAGSGLLGPTLFDHYRSFSPAPAAFFGLPVTRRPS----PEVATVHGGGLIASGPT--------GADRAPTPWAPAGLSLTGLEGAGEVQTPLVGTNAGTLAIGDLVWFRHAKSGEPFEHGTTVLLAQGDRFVDAVPSYRGHGLAF-
9	N1M667;L-gulonolactone oxidase;1.1.3.8;Rhodococcus sp. EsD8;TrEMBL;391	90.67147745258315	54.330614467902365	---------------MTHPLDR-------------LHDATADLDP---PLA----AVDLPTLRRNAADLVRRAGGT-PVRVASKSVRCRTVLEEVLGTGLTADGGFRGIMAYSLREALWLVE--RGAR----DVLLGYPTVDRAALAEL----AGRP-HALDAVTLMVDSAAQLGIVRDAL-GTARVRPRVCLDVDASLRLG----PVHLGVRRSPLRTPDEVGQLA-RCATTAG-FAVVGVMFYEAQIAGLPDT-------SLAVRLIKRRSAAELATRRSAVVGSVRAVVG-----DLEIVNSGGT-GSLEISSADPVVTEVTAGSGLYVPTSFDRYRAFTPRPALYFALPTVRRPS----PTIATLFGGGYIASGPT--------GPSRVPRPVRPAGLRLLRAEGAGEVQTPVTGRAAADLPVGGRVWLRHAKAGELCERFAHLHLVDAGGTRTTVPTYRGEGHCW-
10	A0A0K3B8Q2;L-gulonolactone oxidase;1.1.3.8;Kibdelosporangium sp. MJ126-NF4;TrEMBL;400	92.6568408316075	42.76758165362969	----------------MTQQAD-------------LDTATKGLDP---PFA----VVDLDAFDANAHELARRANGS-PIRVASKSVRCAYLLERALAM-----PGYQGVMAYSLREALWLTRKWRGTPLADTDILVAYPTTDHAALRDL----AADP-AAAQVISVIADSTTHLDLVDAAL-GTDHPPIRVCLEFDAAWRPL---PGIYVGTRRSPVHTARQAAKLAADIVRRQG-FTLVGVMSYEGQIAGLGDAPPGNPVKGAVIGWMQRHSAPELIKRRGAAIAAIRAVT------ELEFVNGGGT-GSLELTSADPSVTEVAAGSGLIGPWLFDSYRGFTPRPAALYALPVVRRPA----PRIATLYAGGYVASGPG--------TPDRLPQPFLPEGLKLLGLEGAGEVQTPVSGRAAQNLKVGDRVWMRHSKAGELAERFQEYHLIRGDRVERTVPTYRGEGVNFG
11	N1LJG2;L-gulonolactone oxidase;1.1.3.8;Bacillus sp. GeD10;TrEMBL;390	94.5680549994628	31.63640417171507	-----------------------------------MDRGIFKEVPL--PCA----FLDEMALDRNIQSIIELSGNK-KIRIASKSLRSVPIMQKILAA----NDRFQGIMCFSPREILFLIE--QGFN----DLLLGYPAYDERALYEI----SLLT-KKGFIITCMVDCEEHIVYLESIA-EKSKGCFRVCLDIDMSSRFF----QFHFGVQRSPVKNVQDALKVVEKVRRSSY-LMLDGVMGYEAQIAGVGDHIPNQWLKSKIISYLKQKSVLEVKERREHIVKAIQNLGI-----ELRFVNGGGT-GSIKTTEKDNSVSEITIGSAFYSPKLFDYYKEVKFYPAVGFALPVVRKPA----PFIYTCLGGGYIASGAV--------GKDKEPEVWRPKGAKLLALEGAGEVQTPIFYKGEERVDIGESILFRHSKAGELCERFPFLYRVKKGEIVGEYSTYRGDGQCFL
12	H0E3U3;L-gulonolactone oxidase;1.1.3.8;Patulibacter medicamentivorans;TrEMBL;403	96.11687640481995	22.615852607802594	------------MTGSADQHAR-------------LERATDGLDA---PFA----CVDLDAFDANRADMARRAGGT-PIRVASKSIRCRALIRRALDD-----PAYRGVLALTLPEALWLSD--HGHD----DIVVAYPSTDRGALRRLVAVGGSAS-DPPQRLAVMVDAVEHLDLLERAG-ADAERPVDVCLELDSGLWLG--GGRVRIGAKRSPLHTPQQLAALAAEVVRRPG-LRLVGVMAYESQIAGVGDR-PGNLLMGRTIGAMQRLSARELARRRGRAIAAVERVAG-----PLALVNAGGT-GSLESSSSERAVTEVAAGSGLLAPALFDTYSRFTPAPAAFFALPIVRRPG----PGVVTALGGGYVASGAA--------GPDRLPRPTYPEGLRLDGQEGAGEAQTPLLGEAADRLAIGDRVWFRHTKAGELCERFDRLFLIQGDEIVDEVPTYRGEGRCFL
13	W7INI2;L-gulonolactone oxidase;1.1.3.8;Actinokineospora spheciospongiae;TrEMBL;406	97.33052936394438	15.547368752523994	-------------MDPEAQRAR-------------LDTATADLDP---PVA----VVDLDAFDRNADDLVRRAAGR-PIRVASKSIRCRSLLERVLRK-----PGFAGVLAYALPEAMWLHGNWAGTDLAGTDILVAYPTADRAALRAL----AADE-SARETVAVMVDSTAHLDLIDAAL-GADHPPIRVCVELDVSWRPVFGDRRVHIGTLRSPVFTAAQAAALAAGIRARAG-FRLVGVMGYEGQIAGLGDAPVGNPVLGGLRRVLRRGSVPELVRRRGEAVRAVAAGG------ALEFVNGGGT-GSIEETGTDPAVTEFAAGSGLIGPTLFDNYRSFTPDPAVLFATPVVRRPA----RGVATLLGGGFTASGPA--------NSLRLPKPHLPRGLKLLPMEGAGEVQTPVTGPAADALAVGDRVWFRHAKAGELAERFTGYHVLEGDRITGTTPTYRGEGQNFG
14	N0CR91;L-gulonolactone oxidase;1.1.3.8;Streptomyces fulvissimus DSM 40593;TrEMBL;400	98.22872270830494	10.316165626622478	------------MTARTADRTR-------------YDRATAHLDG---PIA----IVDLDAFDANADALVARAGGK-PIRVASKSVRCRTLLERVLQR-----PGFAGIMSYTLAESLWLAR--AGAK----DVLLAYPSADRGGFAEL----AAEP-KLAAAVTVMVDDHSQLELIDASR-AGGQEEIRVCLELDTSLRLL--GGRIRIGALRSPLRSPAQLAELARSVARRPG-FKLVGLMAYEGHIAGVGDSLVGRPLRSRAIRLMQATARKELAARRAEVVRAVRAVAP-----DLEFVNGGGT-GSVQHTAAEAAVTEIAAGSGLYVPRLFDNYTSFTARPAALFAQPVVRRPG----VGVVTVLGGGYPASGAA--------GADRSPVPYLPEGLRYDPQEGAGEVQTPLLGSPADDLLIGDKVWFRHAKAGELCERFDALQLIEGDRITATVPTYRGEGKTFL
15	A0A0D6S234;L-gulonolactone oxidase;1.1.3.8;Bacillus mycoides;TrEMBL;390	98.73923734363628	7.342857292808276	-----------------------------------MDRGIFKEVPL--PCA----FLDEVALERNIQSIIELSGDK-KIRIASKSLRSVPIMKKILAA----NDRFQGIMCFSPREALFLIE--QGFN----DLLLGYPVYDERALHEI----SLLT-KQGHIITCMVDCEDHITYLEKIA-EKSKGCFRVCLDIDMSSRFF----KIHFGVKRSPVKDVQSALKIVEKVKGSSY-LILDGVMGYEAQIAGVGDHIPNQWMKSKVVSYLKKKSVLEVKERRGRIVKEIQGLGS-----ELRFVNGGGT-GSIKITEQDNAVTEMTVGSAFYSPKLFDYYKEVKFQPAAGFALPVVRKPD----PFIYTCLGGGYIASGAV--------GKDKEPEVWMPHGAKLLALEGAGEVQTPIFYNGEERVDIGDSILFRHSKAGELCERFPILYRIKQGEIVGEYSTYRGDGQCFL
16	A0A0G8DA96;L-gulonolactone oxidase;1.1.3.8;Bacillus cereus;TrEMBL;390	99.15310125238318	4.932456250841142	-----------------------------------MDRGIFKEVPL--PCA----FLDEVALDRNIQSIIELSGNK-KIRIASKSLRSVPVMQRILAT----SDRFQGIMCFSPREALFLIE--QGFN----DLLLGYPAYDERALHEI----SLLT-KQGLIITCMVDCEDHIVYLEKIA-EKSKGCFRVCLDIDMSSCFF----RFHFGVKRSPVKDVQGALKIVKRLKESSF-LILDGVMGYEAQIAGVGDHIPSQRVKSKVISYLKKKSVLEVKERRGHIVKEIQNLGI-----ELRFVNGGGT-GSIKTTEQDHSVSEITIGSAFYAPKLFDYYKEVQFHPAVGFALPVVRKPA----PTIYTCLGGGYIASGAI--------GKDKEPEIWRPGGAKLLDLEGAGEVQTPIFYNGEERVEIGDSILFRHSKAGELCERFPFLYCVKEGEIVGEYSTYRGDDQCFL
17	F2RDU8;L-gulonolactone oxidase;1.1.3.8;Streptomyces venezuelae (strain ATCC 10712 / CBS 650.69 / DSM 40230 / JCM 4526 / NBRC 13096 / PD 04745);TrEMBL;400	99.4894853646687	2.9733083338140887	------------MTPRAADRAR-------------YDRATAHLDA---PVA----IVDLEAFDDNAADLVRRAGGK-PIRVASKSVRCRALLERVLAR-----EGFAGIMSFTLDESLWLAR--AGFE----DVLLAYPSADRAGFGEL----ARDP-KLAAAVTVMVDDVAQLDLIDAAR-AGGTEEVRVCLELDTALSLL--GGRIRVGARRSPLREPAQLAELARSVARRPG-FRLVGIMAYEGHVAGVGDAVAGRPLRSRAIRLMQAAARRELAERRAAVVRAVRAVAP-----DLEFVNGGGT-GSVQHTAAEEAVTEIAAGSGLFVPRLFDNYTSFTGRPAALFAQPVVRRPG----VGVVTVLGGGYPASGAA--------GPDRLPVPYLPEGLRYDPQEGPGEVQTPLLGSPADDLRIGDKVWFRHAKAGELCERFASLQLVEGDRITATVPTYRGEGQTFL
18	M1PFM3;L-gulonolactone oxidase;1.1.3.8;Bacillus thuringiensis serovar thuringiensis str. IS5056;TrEMBL;390	99.63918425539545	2.101441146163893	-----------------------------------MDRGIFKEVPL--PCA----FLDEVALDRNIQSIIELSGNK-KIRIASKSLRSVPIMQKILAA----NDRFQGIMCFSPREVLFLIE--QGFN----DLLLGYPAYDERALCEI----SLLT-KKGFIITCMVDCEEHIVYLEKIA-EKSKGCFRVCLDIDMSSRFF----QFHFGVQRSPVKNVKDALKVVEKVRRSSY-LMLDGVMGYEAQIAGVGDHIPNQWLKSKVISYLKQKSVLEVKERREYIVKAIQKLGI-----ELRFVNGGGT-GSIKTTEKDNSVSEITIGSAFYSPKLFDYYKEVKFHPAVGFALPVVRKPV----PFIYTCLGGGYIASGAV--------GKDKEPEVWRPKGAKLLALEGAGEVQTPIFYSGEERVDIGESILFRHSKAGELCERFPFLYRVKKGEIVGEYSTYRGDGQCFL
19	A0A068N449;L-gulonolactone oxidase;1.1.3.8;Bacillus cereus;TrEMBL;390	99.7703899807062	1.337280729376971	-----------------------------------MDRGIFKEVPL--PCA----FLDEVALDRNIQSIIELSGNK-KIRIASKSLRSVPIMQKILSA----NDRFQGIMCFSPREALFLIE--QGFN----DLLLGYPAYDERALHEI----SLLT-KQGLIITCMVDCEEHIVYLEKIA-EKSKGCFRVCLDIDMSSRFF----KFHFGVKRSPVKDVQGTLKIVERVKESLF-LILDGVMGYEAQIAGVGDRIPNQRVKSKVISHLKKKSVLEVKERRGHIVKEIQNMGI-----ELRFVNGGGT-GSIKTTEQDHSVSEITIGSAFYAPKLFDYYKEVQFHPAVGFALPVVRKPA----PTIYTCLGGGYIASGAI--------GKDKEPEIWRPNGAKLLALEGAGEVQTPIFYNGEERVEIGDSILFRHSKAGELCERFPFLYRVKEGEIVGEYSTYRGDGQCFL
20	A0A0M7R1E9;L-gulonolactone oxidase;1.1.3.8;Streptomyces venezuelae;TrEMBL;400	99.83599284336157	0.955200520983567	------------MTPRAADRAR-------------YDRATAHLDA---PVA----IVDLEAFDDNAADLVRRAAGK-PIRVASKSVRCRALLERVLAR-----DGFAGIMSFTLDESLWLAR--AGFD----DVLLAYPSADRAGFAEL----ARDP-KLAAAVTVMVDDVAQLDLIDASR-AGGTEEIRVCLELDTALHLL--GGRVRIGARRSPLRTPADLAEVARSVVRRPG-FRLVGIMAYEGHVAGVGDSVAGRPLRSRAIRLMQSAARRELAERRAAVVRAVRAVAP-----DLEFVNGGGT-GSVQHTAAEDAVTEIAAGSGLFVPRLFDNYTSFDGRPAALFAQPVVRRPG----VGVVTVLGGGYPASGVA--------GPDRLPVPYLPEGLRYDPQEGPGEVQTPLLGSPADDLRIGDKVWFRHAKAGELCERFDSLRLVEGDRITATVPTYRGEGQTFL
21	A0A0G8F9Z1;L-gulonolactone oxidase;1.1.3.8;Bacillus cereus;TrEMBL;390	99.90159570601692	0.5731203125902766	-----------------------------------MDRGIFKEVPL--PCA----FLDEVALDRNIQSIIELSGNK-KIRIASKSLRSVPVMQKILAT----NDRFQGIMCFSPREALFLIE--QGFN----DLLLGYPAYDKRALHEI----SLLT-KQGLIITCMVDCEDHIVYLEKIA-EESKGCFRVCLDIDMSSRFF----QFHFGVNRSPVKDVQGALKIVKRVKESSF-LILDGVMGYEAQIAGVGDHIPNQRVKSKVISYLKKKSVLEVKERRGHIVKEIQKLGI-----ELRFVNGGGT-GSIKTTEQDNSVSEITIGSAFYAPKLFDYYKEVQFHPAVGFALPVVRKPA----PFIYTCLGGGYIASGAI--------GKDKEPEIWRPNGAKLLALEGAGEVQTPIFYNGEERVEIGDSILFRHSKAGELCERFLFLYCVKEGEIVGEYSTYRGDGQCFL
22	A0A0G8ECN8;L-gulonolactone oxidase;1.1.3.8;Bacillus cereus;TrEMBL;390	99.9343971373446	0.38208020839351775	-----------------------------------MDRGLFKEVPL--PCA----FLDEVALDRNIQSIIELSGNK-KIRIASKSLRSVPIMQKILAA----NDRFQGIMCFSPREILFLIE--QGFN----DLLLGYPAYDERALYEI----SLLT-KKGFIITCMVDCEEHIVYLENIA-EKSKGCFRVCLDIDMSSRFF----QFHFGVQRSPVKNVQDALKVVEKVRRSSY-LMLDGVMGYEAQIAGVGDHIPNQWLKSKVISYLKQKSVLEVKERREHIVKAIQNIGI-----ELRFVNGGGT-GSIKTTEKDNSVSEITVGSAFYSPKLFDYYKEVKFHPAVGFALPVVRKPV----PFIYTCLGGGYIASGAV--------GKDKEPEVWRPKGAKLLALEGAGEVQTPIFYNGEERVDIGESILFRHSKAGELCERFPFLYRVKKGEIVGEYSTYRGDGQCFL
23	A0A0A1FLS0;L-gulonolactone oxidase;1.1.3.8;Mycobacterium sp. VKM Ac-1817D;TrEMBL;418	99.96719856867232	0.19104010419675888	-----------MSIDLSAPPERPGTWESPDEYWPLLTEATAELDP---PLA----VLDLDALAYNAHDLRRRAGTT-PVRVASKSVRSRAVLDAVLAL-----DGYAGVLAYTLAEALWLAEGDDLYPPVG-DVVVAYPTVDRAAIARL----ARSP-ELAARVTLMVDSVEQLDLVDRVAPARSREVLRVCLDLDASWRPP---GLGHLGVRRSPIHTAEQARVLAEAITARQG-FTLVGLMSYEAQIAGVGDAVPGSRLRSGAVRWVQRRSKQELLDRRRSAVAAVRSIS------DLEFVNGGGT-GSLEFTSSDPSVTEVAAGSGLFGSHLFDSYRAFSPAPAASFALPVVRKAA----PHIVTLLGGGWIASGPP--------GKDRVPLPVWPQGLRLLPAEMAGEVQTPVAGTAAATLRVGDRVWFRHSKAGELSEHVDEFTVVRRGQAVDEVPTYRGEGKAFL
24	A0A0D6V7P1;L-gulonolactone oxidase;1.1.3.8;Streptomyces griseus;TrEMBL;400	100.0	0.0	------------MTARAADRTR-------------YNRATAHLDA---PIA----IVDLEAFDANADDLVRRAAGK-PVRVASKSVRCRTLLERVLAR-----PGFAGIMSYTLAESLWLAR--AGFE----DVLLAYPSADRGAFAEL----AADP-KLAAAVTVMVDDHSQLELIDASR-AGGREEIRVCLELDTSLRML--GGRVRIGALRSPLRSPAQLAELARSVARRPG-FRLVGLMAYEGHVAGVGDAVAGRPLRSRAIRLMQAAARKELAVRRAEVVRAVRAVTP-----ELEFVNGGGT-GSVQHTAAESAVTEIAAGSGLYVPRLFDNYTSFTARPAALFAQPVVRRPG----VGVVTVLGGGYPASGAA--------GADRSPVPYLPEGLRYDPQEGAGEVQTPLLGSPADDLLIGDKVWFRHAKAGELCERFDTLHLIEGDRVTASVPTYRGEGQTFL
